{
  "world_size": 2,
  "device": "NVIDIA RTX A5000",
  "fused_disabled": false,
  "modes": [
    "template",
    "generated",
    "msccl"
  ],
  "timed_region": "execute_operation_async + sync_operation",
  "results": [
    {
      "collective": "allreduce",
      "data_bytes": 1048576,
      "executor": "sm",
      "iterations": 100,
      "modes": [
        "template",
        "generated",
        "msccl"
      ],
      "repeats": 5,
      "latency_us": {
        "template": 215.2672004699707,
        "generated": 213.65055084228516,
        "msccl": 213.28031539916992
      },
      "samples_us": {
        "template": [
          216.71903610229492,
          215.2672004699707,
          215.06784439086914,
          219.88096237182617,
          211.44895553588867
        ],
        "generated": [
          217.13727951049805,
          216.0313606262207,
          213.65055084228516,
          211.38912200927734,
          211.98816299438477
        ],
        "msccl": [
          217.31935501098633,
          217.32704162597656,
          213.28031539916992,
          212.86880493164062,
          211.41183853149414
        ]
      },
      "relative_to_template": {
        "generated": 0.9924900327399805,
        "msccl": 0.990770144887549
      },
      "generated_over_template": 0.9924900327399805,
      "msccl_over_template": 0.990770144887549
    },
    {
      "collective": "allreduce",
      "data_bytes": 16777216,
      "executor": "sm",
      "iterations": 100,
      "modes": [
        "template",
        "generated",
        "msccl"
      ],
      "repeats": 5,
      "latency_us": {
        "template": 2567.5912475585938,
        "generated": 2569.8712158203125,
        "msccl": 2569.4668579101562
      },
      "samples_us": {
        "template": [
          2570.68359375,
          2566.90673828125,
          2567.3941040039062,
          2567.5912475585938,
          2568.22265625
        ],
        "generated": [
          2573.1845092773438,
          2578.6874389648438,
          2566.7984008789062,
          2569.1525268554688,
          2569.8712158203125
        ],
        "msccl": [
          2568.1759643554688,
          2571.1026000976562,
          2567.8350830078125,
          2569.4668579101562,
          2574.5968627929688
        ]
      },
      "relative_to_template": {
        "generated": 1.000887979449177,
        "msccl": 1.0007304941366137
      },
      "generated_over_template": 1.000887979449177,
      "msccl_over_template": 1.0007304941366137
    },
    {
      "collective": "allreduce",
      "data_bytes": 67108864,
      "executor": "sm",
      "iterations": 100,
      "modes": [
        "template",
        "generated",
        "msccl"
      ],
      "repeats": 5,
      "latency_us": {
        "template": 9940.300903320312,
        "generated": 9937.244262695312,
        "msccl": 9940.1806640625
      },
      "samples_us": {
        "template": [
          9942.269897460938,
          9940.300903320312,
          9941.378784179688,
          9937.843627929688,
          9936.893310546875
        ],
        "generated": [
          9938.95751953125,
          9937.244262695312,
          9934.832763671875,
          9934.330444335938,
          9937.476196289062
        ],
        "msccl": [
          9940.250244140625,
          9940.1806640625,
          9938.588256835938,
          9940.746459960938,
          9939.189453125
        ]
      },
      "relative_to_template": {
        "generated": 0.9996925001914199,
        "msccl": 0.9999879038613637
      },
      "generated_over_template": 0.9996925001914199,
      "msccl_over_template": 0.9999879038613637
    },
    {
      "collective": "alltoall",
      "data_bytes": 1048576,
      "executor": "sm",
      "iterations": 100,
      "modes": [
        "template",
        "generated",
        "msccl"
      ],
      "repeats": 5,
      "latency_us": {
        "template": 125.57951927185059,
        "generated": 126.59199714660645,
        "msccl": 125.78847885131836
      },
      "samples_us": {
        "template": [
          125.42688369750977,
          125.59743881225586,
          125.66176414489746,
          125.55264472961426,
          125.57951927185059
        ],
        "generated": [
          126.59199714660645,
          125.2131175994873,
          129.60479736328125,
          126.68736457824707,
          125.21920204162598
        ],
        "msccl": [
          124.94976043701172,
          125.15872001647949,
          128.35776329040527,
          125.78847885131836,
          126.39488220214844
        ]
      },
      "relative_to_template": {
        "generated": 1.0080624442634158,
        "msccl": 1.0016639622502093
      },
      "generated_over_template": 1.0080624442634158,
      "msccl_over_template": 1.0016639622502093
    },
    {
      "collective": "alltoall",
      "data_bytes": 16777216,
      "executor": "sm",
      "iterations": 100,
      "modes": [
        "template",
        "generated",
        "msccl"
      ],
      "repeats": 5,
      "latency_us": {
        "template": 1386.9155883789062,
        "generated": 1386.8167114257812,
        "msccl": 1386.4579772949219
      },
      "samples_us": {
        "template": [
          1386.9261169433594,
          1386.9155883789062,
          1386.4495849609375,
          1390.888671875,
          1386.5104675292969
        ],
        "generated": [
          1387.7932739257812,
          1386.85791015625,
          1386.5132141113281,
          1386.3900756835938,
          1386.8167114257812
        ],
        "msccl": [
          1386.27685546875,
          1388.2972717285156,
          1386.9158935546875,
          1386.1811828613281,
          1386.4579772949219
        ]
      },
      "relative_to_template": {
        "generated": 0.9999287073027706,
        "msccl": 0.9996700512361252
      },
      "generated_over_template": 0.9999287073027706,
      "msccl_over_template": 0.9996700512361252
    },
    {
      "collective": "alltoall",
      "data_bytes": 67108864,
      "executor": "sm",
      "iterations": 100,
      "modes": [
        "template",
        "generated",
        "msccl"
      ],
      "repeats": 5,
      "latency_us": {
        "template": 5316.259765625,
        "generated": 5312.510986328125,
        "msccl": 5312.40234375
      },
      "samples_us": {
        "template": [
          5316.5057373046875,
          5312.8497314453125,
          5316.259765625,
          5312.7044677734375,
          5317.2454833984375
        ],
        "generated": [
          5312.44384765625,
          5317.5677490234375,
          5312.479248046875,
          5312.510986328125,
          5316.671142578125
        ],
        "msccl": [
          5311.717529296875,
          5312.40234375,
          5311.39892578125,
          5313.0108642578125,
          5313.4429931640625
        ]
      },
      "relative_to_template": {
        "generated": 0.9992948464781358,
        "msccl": 0.9992744105733994
      },
      "generated_over_template": 0.9992948464781358,
      "msccl_over_template": 0.9992744105733994
    }
  ]
}