{
  "world_size": 2,
  "device": "NVIDIA RTX A5000",
  "fused_disabled": true,
  "modes": [
    "template",
    "generated",
    "msccl"
  ],
  "timed_region": "execute_operation_async + sync_operation",
  "results": [
    {
      "collective": "allreduce",
      "data_bytes": 1048576,
      "executor": "sm",
      "iterations": 100,
      "modes": [
        "template",
        "generated",
        "msccl"
      ],
      "repeats": 5,
      "latency_us": {
        "template": 215.34656524658203,
        "generated": 215.20671844482422,
        "msccl": 215.55072784423828
      },
      "samples_us": {
        "template": [
          218.4934425354004,
          215.34656524658203,
          216.3315200805664,
          212.63071060180664,
          211.02848052978516
        ],
        "generated": [
          217.25919723510742,
          215.20671844482422,
          215.5174446105957,
          212.01824188232422,
          210.9600067138672
        ],
        "msccl": [
          216.14208221435547,
          215.55072784423828,
          215.98751068115234,
          213.76480102539062,
          211.5772819519043
        ]
      },
      "relative_to_template": {
        "generated": 0.99935059655306,
        "msccl": 1.0009480652613265
      },
      "generated_over_template": 0.99935059655306,
      "msccl_over_template": 1.0009480652613265
    },
    {
      "collective": "allreduce",
      "data_bytes": 16777216,
      "executor": "sm",
      "iterations": 100,
      "modes": [
        "template",
        "generated",
        "msccl"
      ],
      "repeats": 5,
      "latency_us": {
        "template": 2572.56103515625,
        "generated": 2576.5396118164062,
        "msccl": 2571.2991333007812
      },
      "samples_us": {
        "template": [
          2590.5767822265625,
          2572.56103515625,
          2584.0203857421875,
          2570.2618408203125,
          2570.9613037109375
        ],
        "generated": [
          2579.1024780273438,
          2580.0714111328125,
          2576.5396118164062,
          2573.3041381835938,
          2574.2095947265625
        ],
        "msccl": [
          2573.8082885742188,
          2571.2991333007812,
          2572.412109375,
          2570.45166015625,
          2571.1651611328125
        ]
      },
      "relative_to_template": {
        "generated": 1.0015465431551616,
        "msccl": 0.9995094764173819
      },
      "generated_over_template": 1.0015465431551616,
      "msccl_over_template": 0.9995094764173819
    },
    {
      "collective": "allreduce",
      "data_bytes": 67108864,
      "executor": "sm",
      "iterations": 100,
      "modes": [
        "template",
        "generated",
        "msccl"
      ],
      "repeats": 5,
      "latency_us": {
        "template": 9935.559692382812,
        "generated": 9934.285888671875,
        "msccl": 9931.9970703125
      },
      "samples_us": {
        "template": [
          9938.513793945312,
          9932.705688476562,
          9940.43701171875,
          9930.330200195312,
          9935.559692382812
        ],
        "generated": [
          9933.380737304688,
          9934.331665039062,
          9934.285888671875,
          9934.483642578125,
          9927.7099609375
        ],
        "msccl": [
          9938.729248046875,
          9932.029418945312,
          9931.9970703125,
          9930.595703125,
          9928.35205078125
        ]
      },
      "relative_to_template": {
        "generated": 0.9998717934620317,
        "msccl": 0.9996414271384184
      },
      "generated_over_template": 0.9998717934620317,
      "msccl_over_template": 0.9996414271384184
    },
    {
      "collective": "alltoall",
      "data_bytes": 1048576,
      "executor": "sm",
      "iterations": 100,
      "modes": [
        "template",
        "generated",
        "msccl"
      ],
      "repeats": 5,
      "latency_us": {
        "template": 125.4918384552002,
        "generated": 125.3990364074707,
        "msccl": 125.50784111022949
      },
      "samples_us": {
        "template": [
          125.4918384552002,
          124.9948787689209,
          125.863037109375,
          125.31519889831543,
          125.58143615722656
        ],
        "generated": [
          125.7692813873291,
          125.3382396697998,
          125.3990364074707,
          125.24255752563477,
          125.72992324829102
        ],
        "msccl": [
          125.35679817199707,
          125.84416389465332,
          125.47391891479492,
          125.7040023803711,
          125.50784111022949
        ]
      },
      "relative_to_template": {
        "generated": 0.9992604933605892,
        "msccl": 1.0001275194883292
      },
      "generated_over_template": 0.9992604933605892,
      "msccl_over_template": 1.0001275194883292
    },
    {
      "collective": "alltoall",
      "data_bytes": 16777216,
      "executor": "sm",
      "iterations": 100,
      "modes": [
        "template",
        "generated",
        "msccl"
      ],
      "repeats": 5,
      "latency_us": {
        "template": 1387.7593994140625,
        "generated": 1387.593994140625,
        "msccl": 1387.3577880859375
      },
      "samples_us": {
        "template": [
          1392.7532958984375,
          1387.7593994140625,
          1387.7253723144531,
          1387.0658874511719,
          1387.7626037597656
        ],
        "generated": [
          1387.0822143554688,
          1390.5084228515625,
          1386.9126892089844,
          1387.593994140625,
          1388.0117797851562
        ],
        "msccl": [
          1387.6460266113281,
          1386.9638061523438,
          1388.9094543457031,
          1387.3577880859375,
          1387.0208740234375
        ]
      },
      "relative_to_template": {
        "generated": 0.9998808112749895,
        "msccl": 0.999710604497945
      },
      "generated_over_template": 0.9998808112749895,
      "msccl_over_template": 0.999710604497945
    },
    {
      "collective": "alltoall",
      "data_bytes": 67108864,
      "executor": "sm",
      "iterations": 100,
      "modes": [
        "template",
        "generated",
        "msccl"
      ],
      "repeats": 5,
      "latency_us": {
        "template": 5308.4393310546875,
        "generated": 5312.03369140625,
        "msccl": 5307.8997802734375
      },
      "samples_us": {
        "template": [
          5309.727783203125,
          5307.41455078125,
          5308.4393310546875,
          5310.125732421875,
          5307.265625
        ],
        "generated": [
          5312.109375,
          5306.619873046875,
          5315.125732421875,
          5312.03369140625,
          5307.4554443359375
        ],
        "msccl": [
          5309.9432373046875,
          5306.011962890625,
          5306.0113525390625,
          5307.8997802734375,
          5309.0771484375
        ]
      },
      "relative_to_template": {
        "generated": 1.000677103029234,
        "msccl": 0.9998983598101812
      },
      "generated_over_template": 1.000677103029234,
      "msccl_over_template": 0.9998983598101812
    }
  ]
}